{"silhouette": -0.013326049390716759, "davies_bouldin": 2.635533105102943, "calinski_harabasz": 163.80760472891131, "morans_I": 0.7936679136703529, "gearys_C": 0.20543188753585148}